,season_name,element_code,start_cost,end_cost,total_points,minutes,goals_scored,assists,clean_sheets,goals_conceded,own_goals,penalties_saved,penalties_missed,yellow_cards,red_cards,saves,bonus,bps,influence,creativity,threat,ict_index,name
0,2021/22,58822,45,42,48,1481,1,1,3,27,0,0,0,3,0,0,3,292,318.4,327.1,111.0,75.8,Cédric Alves Soares
1,2021/22,80201,50,45,10,360,0,0,1,9,0,0,0,0,0,10,0,69,85.0,0.0,0.0,8.5,Bernd Leno
2,2021/22,84450,50,48,60,2327,1,2,6,38,0,0,0,10,1,0,3,334,395.4,522.9,262.0,118.2,Granit Xhaka
3,2021/22,153256,45,44,27,801,0,2,0,17,0,0,0,1,0,0,0,156,163.2,131.5,49.0,34.4,Mohamed Elneny
4,2021/22,156074,45,41,29,840,1,0,2,16,0,0,0,2,1,0,2,152,253.0,8.6,49.0,31.1,Rob Holding
5,2021/22,167199,50,50,71,2027,2,2,10,25,0,0,0,6,0,0,4,345,359.6,275.5,394.0,103.0,Thomas Partey
6,2021/22,184029,55,56,131,2782,7,4,11,39,0,0,0,4,0,0,9,541,676.6,1073.2,639.0,238.2,Martin Ødegaard
7,2021/22,192895,50,49,106,1916,1,3,11,21,0,0,0,0,0,0,11,454,365.2,335.9,198.0,90.1,Kieran Tierney
8,2021/22,209289,55,57,125,1909,10,2,8,28,0,0,0,1,0,0,9,435,555.8,453.3,576.0,158.4,Emile Smith Rowe
9,2021/22,223340,65,67,179,2978,11,9,13,39,0,0,0,6,0,0,18,566,790.4,977.8,1434.0,320.0,Bukayo Saka
10,2021/22,223723,45,45,75,1680,0,1,9,20,0,0,0,2,0,0,5,344,312.4,240.9,110.0,66.4,Takehiro Tomiyasu
11,2021/22,225321,45,51,135,3060,0,0,12,39,0,0,0,1,0,90,14,641,690.2,1.0,0.0,69.0,Aaron Ramsdale
12,2021/22,154043,55,52,12,263,0,0,2,4,0,0,0,0,0,0,0,44,42.6,41.3,9.0,9.3,Ainsley Maitland-Niles
13,2021/22,198849,45,45,0,0,0,0,0,0,0,0,0,0,0,0,0,0,0.0,0.0,0.0,0.0,Lucas Torreira di Pascua
14,2021/22,200641,50,50,1,19,0,0,0,1,0,0,0,0,0,0,0,4,4.0,11.6,20.0,3.6,Reiss Nelson
15,2021/22,462424,45,45,0,0,0,0,0,0,0,0,0,0,0,0,0,0,0.0,0.0,0.0,0.0,William Saliba
16,2021/22,205651,85,86,120,1871,8,8,11,15,0,0,0,1,0,0,16,488,567.4,530.9,1126.0,222.3,Gabriel Fernando de Jesus
17,2021/22,206325,55,53,59,1044,0,4,5,9,0,0,0,0,0,0,4,284,259.4,282.1,111.0,65.4,Oleksandr Zinchenko
18,2021/22,84583,70,71,83,1327,5,3,7,17,0,0,0,0,0,0,7,283,360.8,349.3,445.0,115.7,Philippe Coutinho Correia
19,2021/22,84939,80,77,106,1891,7,6,10,26,0,0,0,4,0,0,12,344,448.6,210.9,749.0,140.3,Danny Ings
20,2021/22,98980,55,55,129,3240,0,0,11,48,0,1,0,4,0,95,7,651,755.8,0.0,0.0,75.4,Emiliano Martínez Romero
21,2021/22,101184,45,42,42,999,1,0,4,16,0,0,0,1,0,0,2,198,250.6,53.1,63.0,36.7,Calum Chambers
22,2021/22,101188,55,50,83,2440,0,4,7,42,1,0,0,6,0,0,8,459,538.8,772.7,202.0,151.6,Lucas Digne
23,2021/22,110504,60,57,13,212,0,1,0,3,0,0,0,0,0,0,0,41,21.0,10.6,90.0,11.8,Bertrand Traoré
24,2021/22,111782,40,40,1,90,0,0,0,3,0,0,0,0,0,2,0,14,18.8,0.0,0.0,1.9,Robin Olsen
25,2021/22,122775,50,50,13,349,0,0,0,8,0,0,0,0,0,0,0,61,52.8,36.6,3.0,9.4,Morgan Sanson
26,2021/22,122806,60,56,110,3090,3,4,10,48,0,0,0,8,0,0,12,495,700.2,777.8,307.0,178.6,John McGinn
27,2021/22,123354,45,44,20,397,1,0,1,9,0,0,0,0,0,0,3,89,102.8,5.9,64.0,17.3,Kortney Hause
28,2021/22,149484,50,50,118,3188,1,4,11,49,0,0,0,11,0,0,12,596,667.2,130.9,309.0,110.6,Tyrone Mings
29,2021/22,178301,75,75,131,2950,11,3,10,48,0,0,0,7,0,0,17,441,613.8,469.6,1345.0,242.9,Ollie Watkins
30,2021/22,184704,45,44,22,899,0,0,2,20,0,0,0,5,0,0,0,124,139.2,42.2,0.0,18.3,Marvelous Nakamba
31,2021/22,195546,65,61,107,1887,4,6,7,32,0,0,0,1,0,0,8,378,482.8,660.5,531.0,167.8,Emiliano Buendía Stati
32,2021/22,199796,50,53,147,3377,4,3,13,50,0,0,0,8,0,0,11,623,754.8,432.1,534.0,172.1,Matty Cash
33,2021/22,199798,50,49,78,2477,2,0,8,43,0,0,0,4,2,0,4,388,428.2,56.5,251.0,73.4,Ezri Konsa Ngoyo
34,2021/22,215711,65,63,37,750,1,3,2,13,0,0,0,3,0,0,1,98,143.2,118.5,271.0,53.2,Leon Bailey
35,2021/22,230046,45,43,89,2715,2,3,10,38,0,0,0,7,0,0,3,468,503.2,547.9,199.0,125.1,Douglas Luiz Soares de Paulo
36,2021/22,232653,45,47,109,2465,6,1,12,35,0,0,0,6,0,0,9,402,538.2,334.0,432.0,130.7,Jacob Ramsey
37,2021/22,478912,45,45,16,291,0,1,0,6,0,0,0,0,0,0,0,43,44.0,34.6,69.0,14.9,Carney Chukwuemeka
38,2021/22,490094,45,45,4,90,0,0,1,0,0,0,0,1,0,0,0,17,10.6,2.0,4.0,1.7,Tim Iroegbunam
39,2021/22,193488,60,56,22,392,1,1,1,8,0,0,0,2,0,0,1,61,74.6,85.2,85.0,24.4,Anwar El Ghazi
40,2021/22,221239,45,45,1,11,0,0,0,0,0,0,0,0,0,0,0,2,0.4,1.0,0.0,0.1,Keinan Davis
41,2021/22,433979,45,45,3,24,0,0,0,0,0,0,0,0,0,0,0,3,0.0,0.8,18.0,1.6,Cameron Archer
42,2021/22,481624,50,50,1,4,0,0,0,0,0,0,0,0,0,0,0,0,0.0,0.0,0.0,0.0,Jaden Philogene-Bidace
43,2021/22,203368,45,45,0,0,0,0,0,0,0,0,0,0,0,0,0,0,0.0,0.0,0.0,0.0,Frédéric Guilbert
44,2019/20,54469,45,43,49,2055,0,1,4,40,0,0,0,7,0,0,3,309,309.6,183.0,97.0,58.8,Adam Smith
45,2019/20,56872,60,58,42,706,3,1,1,17,0,0,0,1,0,0,2,155,179.0,185.4,241.0,60.7,Junior Stanislas
46,2021/22,81012,45,44,7,303,0,0,0,6,0,0,0,1,0,0,0,38,29.6,31.6,4.0,6.6,Ryan Fredericks
47,2019/20,111317,65,61,21,505,1,0,1,12,0,0,0,1,0,0,1,73,82.2,100.8,71.0,25.4,David Brooks
48,2019/20,152551,50,48,65,2702,1,2,4,49,0,0,0,11,1,0,2,376,439.0,189.4,169.0,79.4,Jefferson Lerma Solís
49,2019/20,154131,45,43,39,1547,0,2,1,27,0,0,0,2,0,0,4,241,308.8,147.2,86.0,54.3,Jack Stacey
50,2019/20,154566,55,51,69,1637,3,2,1,39,0,0,0,1,0,0,3,177,223.2,202.5,569.0,99.4,Dominic Solanke
51,2019/20,155408,50,50,40,1340,0,1,2,30,0,0,0,5,0,0,0,183,187.8,183.1,68.0,43.8,Lewis Cook
52,2019/20,168991,50,49,68,2526,1,1,5,41,0,0,0,8,0,0,5,347,545.4,239.8,342.0,112.9,Philip Billing
53,2019/20,223911,45,43,27,911,1,0,1,19,0,0,0,1,0,0,2,165,276.8,20.8,138.0,43.7,Chris Mepham
54,2019/20,229600,45,42,1,90,0,0,0,3,0,0,0,0,0,2,0,9,15.2,0.0,0.0,1.5,Mark Travers
55,2019/20,235530,45,44,11,638,0,0,1,15,0,0,0,2,0,0,0,85,73.4,28.4,20.0,12.2,Lloyd Kelly
56,2015/16,156685,45,45,0,0,0,0,0,0,0,0,0,0,0,0,0,0,0.0,0.0,0.0,0.0,Joe Rothwell
57,2021/22,61810,45,45,122,3321,3,4,8,56,0,0,0,7,0,0,13,616,782.0,67.2,476.0,133.0,Pontus Jansson
58,2021/22,128295,50,50,101,3054,3,4,8,51,0,0,0,8,0,0,5,502,694.8,409.8,434.0,154.3,Christian Nørgaard
59,2021/22,144485,65,69,139,2908,12,5,8,47,0,0,0,8,0,0,19,502,717.8,573.6,1320.0,260.7,Ivan Toney
60,2021/22,154561,45,44,95,2160,0,0,8,27,0,0,0,1,0,78,5,496,593.4,10.0,0.0,60.1,David Raya Martin
61,2021/22,174932,55,55,81,2077,3,3,8,36,1,0,0,6,1,0,5,268,386.4,283.6,439.0,111.0,Sergi Canós Tenés
62,2021/22,183656,55,53,7,250,0,0,0,6,0,0,0,0,1,0,0,27,30.2,41.2,30.0,10.0,Josh Dasilva
63,2021/22,191866,45,44,81,1995,1,3,8,32,0,0,0,5,0,0,5,384,390.0,124.2,184.0,70.0,Kristoffer Ajer
64,2021/22,194010,45,45,108,2775,3,0,9,41,0,0,0,2,0,0,4,453,451.0,325.4,235.0,101.0,Rico Henry
65,2021/22,204580,50,49,90,2295,4,0,9,37,0,0,0,3,0,0,8,343,460.6,331.1,400.0,119.0,Vitaly Janelt
66,2021/22,205836,55,52,30,524,1,2,1,4,0,0,0,2,0,0,0,115,128.4,96.3,133.0,36.0,Saman Ghoddos
67,2021/22,207283,50,49,54,1590,0,1,3,30,0,0,0,0,0,0,2,246,253.2,540.6,198.0,99.3,Mathias Jensen
68,2021/22,216646,60,57,92,1268,7,2,3,22,0,0,0,0,0,0,6,277,348.0,133.1,402.0,87.6,Yoane Wissa
69,2021/22,226956,45,41,41,1232,1,1,1,27,0,0,0,1,0,0,4,170,200.2,125.8,81.0,40.8,Mads Roerslev Rasmussen
70,2021/22,228044,45,43,22,833,0,0,2,14,0,0,0,3,0,0,1,139,127.6,89.7,44.0,26.1,Mads Bech Sørensen
71,2021/22,231065,45,44,90,2694,1,1,7,43,0,0,0,1,0,0,7,517,648.8,151.7,335.0,113.5,Ethan Pinnock
72,2021/22,428580,50,49,35,1040,0,2,3,19,0,0,0,4,0,0,0,117,93.0,73.5,174.0,33.7,Frank Onyeka
73,2021/22,432160,50,49,35,898,1,0,2,15,0,0,0,0,1,0,2,120,139.0,120.8,145.0,40.3,Shandon Baptiste
74,2021/22,446008,55,52,119,2905,4,7,9,47,0,0,0,4,0,0,6,310,459.8,520.6,967.0,193.7,Bryan Mbeumo
75,2021/22,213687,40,39,10,448,0,0,1,6,0,0,0,3,0,0,0,64,54.8,82.7,24.0,16.0,Charlie Goode
76,2021/22,216620,55,53,11,203,0,1,0,4,0,0,0,0,0,0,0,35,20.8,12.5,55.0,8.7,Marcus Forss
77,2021/22,232247,45,44,3,146,0,0,0,3,0,0,0,0,0,0,0,12,15.8,1.2,6.0,2.3,Dominic Thompson
78,2021/22,481405,45,44,4,36,0,0,0,0,0,0,0,0,0,0,0,11,6.6,0.7,0.0,0.8,Mads Bidstrup
79,2021/22,235448,40,40,0,0,0,0,0,0,0,0,0,0,0,0,0,0,0.0,0.0,0.0,0.0,Ellery Balcombe
80,2021/22,51927,50,46,74,1839,3,0,6,25,1,0,0,3,0,0,3,325,463.8,63.4,238.0,76.6,Ben Mee
81,2021/22,39155,55,53,44,1559,0,1,6,20,0,0,0,4,0,0,0,240,209.4,162.9,173.0,54.6,Adam Lallana
82,2021/22,49262,40,39,2,90,0,0,0,2,0,0,0,0,0,3,0,17,28.8,0.0,0.0,2.9,Jason Steele
83,2021/22,50175,60,60,89,1469,6,4,5,16,0,0,0,0,0,0,13,247,361.8,228.9,598.0,117.8,Danny Welbeck
84,2021/22,60307,60,56,88,2033,2,5,8,24,0,0,1,1,0,0,7,405,475.2,961.8,370.0,180.9,Pascal Groß
85,2021/22,61933,40,40,48,1434,1,1,4,19,0,0,0,7,0,0,3,288,380.6,58.2,282.0,72.2,Shane Duffy
86,2021/22,83299,50,48,92,2573,1,0,10,33,0,0,0,3,1,0,7,537,570.0,63.5,327.0,96.1,Lewis Dunk
87,2021/22,109345,55,53,61,1733,0,2,7,23,0,0,0,1,0,0,0,216,278.4,528.4,291.0,109.7,Solly March
88,2021/22,110735,45,43,59,1429,2,0,4,20,0,0,0,5,0,0,6,266,416.8,51.4,120.0,58.9,Adam Webster
89,2021/22,111478,45,42,95,2874,1,1,8,39,0,0,0,6,0,0,5,545,582.2,275.8,183.0,104.4,Joël Veltman
90,2021/22,115382,65,62,98,2269,8,3,7,31,0,0,1,7,0,0,11,295,370.4,366.0,721.0,143.5,Neal Maupay
91,2021/22,116216,65,59,141,2803,8,4,11,33,0,0,0,2,0,0,16,465,627.6,708.3,1020.0,235.4,Leandro Trossard
92,2021/22,179268,50,49,126,3089,1,1,11,39,0,0,0,6,0,0,21,673,679.8,700.8,207.0,159.1,Marc Cucurella Saseta
93,2021/22,215059,45,45,126,3330,0,0,11,42,0,0,0,3,1,101,8,679,811.0,30.0,0.0,84.0,Robert Sánchez
94,2021/22,232792,45,45,74,1547,0,2,6,21,0,0,0,4,0,0,7,308,254.6,367.9,175.0,79.4,Tariq Lamptey
95,2021/22,235382,50,48,13,401,0,0,0,7,0,0,0,0,0,0,0,77,70.2,40.8,21.0,13.3,Steven Alzate
96,2021/22,243016,55,51,93,2112,5,2,6,29,0,0,1,4,0,0,8,398,509.6,490.7,550.0,154.9,Alexis Mac Allister
97,2021/22,243505,45,45,58,1694,0,3,5,23,0,0,0,1,0,0,0,227,239.6,286.0,372.0,90.3,Jakub Moder
98,2021/22,423649,60,59,58,990,2,5,3,13,0,0,0,2,0,0,5,200,244.8,143.2,210.0,59.4,Enock Mwepu
99,2021/22,441192,45,45,5,44,0,0,0,2,0,0,0,0,0,0,0,15,2.8,2.4,2.0,0.8,Jeremy Sarmiento Morante
100,2021/22,486672,45,45,27,660,1,1,4,6,0,0,0,2,0,0,1,124,145.4,64.6,131.0,34.1,Moisés Caicedo Corozo
101,2021/22,209045,45,45,2,23,0,0,0,0,0,0,0,0,0,0,0,5,4.6,12.8,8.0,2.5,Taylor Richards
102,2021/22,433589,40,39,0,0,0,0,0,0,0,0,0,0,0,0,0,0,0.0,0.0,0.0,0.0,Haydon Roberts
103,2021/22,41328,60,56,87,2067,1,3,7,23,0,0,0,3,0,0,2,453,476.4,310.0,212.0,100.0,César Azpilicueta
104,2021/22,51090,55,56,130,2649,3,1,11,28,0,0,0,2,0,0,14,667,829.4,133.9,229.0,119.4,Thiago Emiliano da Silva
105,2021/22,82263,55,57,128,2164,4,5,9,22,0,0,0,8,0,0,14,528,560.2,677.3,566.0,180.6,Marcos Alonso
106,2021/22,85955,60,57,106,2271,6,2,12,16,0,0,1,5,0,0,11,519,605.8,429.3,214.0,125.1,Jorge Luiz Frello Filho
107,2021/22,88894,55,52,14,174,1,0,1,2,0,0,0,0,0,0,1,43,61.4,117.7,87.0,26.7,Ross Barkley
108,2021/22,91651,50,49,76,1552,2,5,8,11,0,0,0,4,0,0,7,348,409.6,407.4,198.0,101.5,Mateo Kovacic
109,2021/22,109745,50,45,19,360,0,0,2,2,0,0,0,0,0,11,1,89,95.6,0.0,0.0,9.6,Kepa Arrizabalaga
110,2021/22,116594,50,49,79,1769,2,5,9,19,0,0,0,2,0,0,2,377,455.6,414.3,223.0,109.3,N'Golo Kanté
111,2021/22,124183,75,73,79,1311,4,3,7,12,0,0,0,3,0,0,9,281,365.2,458.6,504.0,132.6,Hakim Ziyech
112,2021/22,126187,55,54,52,1384,0,3,5,21,0,0,0,1,0,0,1,251,282.8,291.1,218.0,79.2,Ruben Loftus-Cheek
113,2021/22,165153,90,85,62,1278,4,2,5,17,0,0,0,1,0,0,5,175,207.6,153.1,773.0,112.7,Timo Werner
114,2021/22,167767,45,45,4,58,0,1,0,0,0,0,0,0,0,0,0,19,30.6,25.0,24.0,8.0,Robert Kenedy Nunes do Nascimento
115,2021/22,172850,60,56,55,541,3,1,4,2,0,0,0,0,0,0,5,161,175.8,161.1,202.0,54.0,Ben Chilwell
116,2021/22,176413,80,79,77,1282,6,2,6,10,0,0,0,2,0,0,2,206,317.6,223.9,434.0,97.5,Christian Pulisic
117,2021/22,180736,50,47,99,1447,3,1,9,9,0,0,0,2,0,0,11,396,405.8,105.8,151.0,66.1,Trevoh Chalobah
118,2021/22,184341,75,77,169,2358,11,11,11,25,0,0,0,4,0,0,16,597,823.8,944.9,995.0,276.3,Mason Mount
119,2021/22,204727,50,49,30,544,0,0,4,7,0,0,0,2,0,0,4,141,118.4,60.4,1.0,17.9,Malang Sarr
120,2021/22,209046,55,53,49,958,1,4,6,8,0,0,0,1,0,0,1,163,175.4,326.9,326.0,82.7,Callum Hudson-Odoi
121,2021/22,219847,85,79,112,1802,8,4,10,18,0,0,0,3,0,0,5,271,461.2,329.5,939.0,171.9,Kai Havertz
122,2021/22,225796,55,65,141,1863,5,9,7,22,1,0,0,4,1,0,26,573,605.2,733.4,440.0,178.0,Reece James
123,2021/22,228286,60,61,130,3060,0,0,14,31,0,0,0,3,0,73,3,573,585.8,0.0,0.0,58.2,Edouard Mendy
124,2021/22,232787,55,60,140,2843,8,6,11,38,0,0,0,10,0,0,16,469,673.8,635.9,672.0,197.9,Conor Gallagher
125,2021/22,243568,45,43,49,1852,0,1,2,52,0,0,0,2,0,0,1,283,280.2,458.7,134.0,87.2,Billy Gilmour
126,2021/22,440323,50,53,92,1969,6,2,5,37,0,0,0,2,0,0,11,234,280.2,159.2,720.0,115.6,Armando Broja
127,2021/22,199598,45,45,0,0,0,0,0,0,0,0,0,0,0,0,0,0,0.0,0.0,0.0,0.0,Ethan Ampadu
128,2021/22,103955,110,105,163,2121,13,7,13,17,0,0,1,1,0,0,15,468,730.8,613.2,1188.0,253.4,Raheem Sterling
129,2021/22,40836,45,46,119,2655,0,0,11,33,0,0,0,2,0,83,11,567,614.6,0.0,0.0,61.4,Vicente Guaita
130,2021/22,49413,45,43,17,545,1,0,0,11,0,0,0,2,0,0,2,97,140.4,22.0,88.0,25.1,James Tomkins
131,2021/22,50471,45,43,54,1434,0,4,5,15,0,0,0,4,0,0,5,288,324.2,256.6,120.0,70.0,James McArthur
132,2021/22,54861,65,59,58,1132,4,1,4,20,0,0,0,3,0,0,6,173,250.2,176.7,523.0,94.3,Christian Benteke
133,2021/22,55494,45,45,73,2486,0,0,9,37,0,0,0,8,0,0,2,422,455.8,132.5,64.0,65.4,Joel Ward
134,2021/22,57328,45,43,59,1351,0,1,6,12,0,0,0,1,0,0,4,264,181.0,99.1,17.0,29.9,Nathaniel Clyne
135,2021/22,66975,55,52,19,767,0,0,1,16,1,0,0,1,0,0,0,118,88.6,196.6,38.0,32.3,Luka Milivojevic
136,2021/22,80146,60,58,77,2012,3,4,9,31,0,0,0,2,0,0,3,281,349.2,361.3,491.0,120.1,Jordan Ayew
137,2021/22,82403,70,69,150,2759,14,2,11,34,0,0,2,4,1,0,11,422,777.2,660.5,1001.0,243.8,Wilfried Zaha
138,2021/22,86417,55,54,86,1840,4,2,8,19,0,0,0,1,0,0,2,297,412.0,249.8,486.0,114.9,Jeffrey Schlupp
139,2021/22,105666,45,44,30,765,0,0,1,13,0,1,0,0,0,17,3,132,155.0,0.0,0.0,15.7,Jack Butland
140,2021/22,108413,50,47,34,1050,0,2,4,16,0,0,0,6,0,0,2,164,159.0,143.0,60.0,36.3,Will Hughes
141,2021/22,173954,50,47,4,116,0,0,0,5,0,0,0,0,0,0,0,16,11.2,27.5,2.0,4.0,Jairo Riedewald
142,2021/22,174874,45,47,124,2914,0,4,12,37,1,0,0,4,0,0,14,619,630.6,234.0,142.0,100.7,Joachim Andersen
143,2021/22,199670,65,60,87,1554,6,4,9,19,0,0,0,4,0,0,9,280,389.8,265.7,618.0,127.6,Odsonne Edouard
144,2021/22,209036,45,45,123,3222,2,1,11,43,0,0,0,4,0,0,8,676,720.6,98.5,290.0,111.1,Marc Guéhi
145,2021/22,231747,55,53,61,1138,5,1,5,14,0,0,0,2,0,0,6,182,253.6,112.8,568.0,93.4,Jean-Philippe Mateta
146,2021/22,232413,60,59,31,599,1,1,3,8,0,0,0,1,0,0,2,125,120.0,175.3,135.0,43.2,Eberechi Eze
147,2021/22,244723,45,45,109,3101,0,2,10,43,0,0,0,1,0,0,6,561,619.2,380.5,111.0,111.1,Tyrick Mitchell
148,2021/22,443661,55,53,73,1127,2,6,4,14,0,0,0,4,0,0,8,287,308.2,389.0,269.0,96.5,Michael Olise
149,2021/22,450542,45,44,4,79,0,0,1,0,0,0,0,0,0,0,0,7,1.0,6.1,2.0,0.8,Jesurun Rak-Sakyi
150,2021/22,232423,45,45,1,8,0,0,0,0,0,0,0,0,0,0,0,3,0.2,0.0,0.0,0.0,Nathan Ferguson
151,2020/21,101982,45,46,140,3330,0,1,6,74,0,1,0,1,0,166,19,768,1213.6,10.0,0.0,122.4,Sam Johnstone
152,2021/22,169593,40,39,0,0,0,0,0,0,0,0,0,0,0,0,0,0,0.0,0.0,0.0,0.0,Remi Matthews
153,2021/22,40349,40,40,13,270,0,0,1,8,0,0,0,0,0,11,3,61,81.8,0.0,0.0,8.2,Asmir Begović
154,2021/22,57134,60,60,30,779,1,1,2,16,0,0,0,2,1,0,2,73,94.2,108.9,339.0,53.8,Salomón Rondón
155,2021/22,59949,50,49,79,2656,1,1,7,50,1,0,0,4,0,0,6,439,469.4,232.1,170.0,86.9,Seamus Coleman
156,2021/22,60252,55,52,66,1452,3,2,3,30,0,0,0,3,0,0,8,252,351.6,468.9,221.0,103.9,Andros Townsend
157,2021/22,106611,50,46,102,2791,3,2,8,54,2,0,0,2,1,0,11,518,697.0,97.0,231.0,102.7,Michael Keane
158,2021/22,108823,65,62,35,985,1,0,3,23,0,0,0,4,0,0,1,103,189.2,142.6,129.0,46.1,Dele Alli
159,2021/22,111234,50,48,116,3150,0,0,7,58,0,0,0,2,0,117,12,624,863.2,43.0,0.0,90.5,Jordan Pickford
160,2021/22,119765,45,43,58,2181,0,3,6,38,0,0,0,7,1,0,2,313,391.4,228.4,82.0,70.4,Allan Marques Loureiro
161,2021/22,120250,50,49,18,614,0,1,0,19,0,0,0,3,0,0,0,47,84.0,85.2,136.0,30.6,André Tavares Gomes
162,2021/22,121599,55,53,90,2536,2,5,5,47,0,0,0,6,0,0,8,387,481.8,285.8,441.0,121.1,Abdoulaye Doucouré
163,2021/22,153133,60,58,78,2029,2,2,6,38,0,0,0,1,0,0,6,312,370.0,501.4,357.0,122.7,Alex Iwobi
164,2021/22,160987,45,44,3,65,0,0,0,2,0,0,0,0,0,0,0,10,7.0,0.6,0.0,0.8,Jean-Philippe Gbamin
165,2021/22,164511,50,49,24,844,0,0,2,10,0,0,0,3,0,0,0,133,164.8,18.2,66.0,24.6,Yerry Mina
166,2021/22,172632,55,54,106,2336,5,5,6,39,0,0,0,3,0,0,3,397,486.2,644.2,758.0,189.0,Demarai Gray
167,2021/22,173807,50,48,12,230,1,0,0,9,0,0,0,1,0,0,0,44,61.6,8.6,90.0,16.1,Tom Davies
168,2021/22,177815,80,77,64,1281,5,2,3,31,0,0,1,2,0,0,10,207,255.8,144.7,448.0,84.7,Dominic Calvert-Lewin
169,2021/22,194164,45,42,62,2133,2,2,5,42,1,0,0,7,1,0,2,312,431.2,42.1,120.0,59.3,Mason Holgate
170,2021/22,198826,50,47,45,2029,0,0,4,39,0,0,0,6,0,0,1,318,416.0,164.6,222.0,80.5,Ben Godfrey
171,2021/22,224967,50,49,42,1054,1,1,3,17,0,0,0,0,0,0,3,177,187.4,138.8,66.0,39.4,Vitalii Mykolenko
172,2021/22,232826,45,47,100,2277,4,3,7,40,0,0,0,4,0,0,9,325,460.4,523.0,632.0,161.6,Anthony Gordon
173,2021/22,480455,40,40,7,387,1,0,0,17,0,0,0,0,1,0,1,49,90.2,2.8,44.0,13.8,Jarrad Branthwaite
174,2021/22,243571,45,41,0,0,0,0,0,0,0,0,0,0,0,0,0,0,0.0,0.0,0.0,0.0,Nathan Patterson
175,2021/22,495542,40,40,0,0,0,0,0,0,0,0,0,0,0,0,0,0,0.0,0.0,0.0,0.0,Niels Nkounkou
176,2021/22,17761,50,49,83,3106,1,2,7,51,1,0,0,11,0,0,5,486,892.6,118.1,315.0,132.8,James Tarkowski
177,2020/21,76357,55,52,27,758,1,1,1,15,0,0,0,2,0,0,2,160,170.6,278.3,124.0,57.3,Tom Cairney
178,2020/21,82514,45,42,10,630,0,0,0,13,0,0,0,0,0,0,0,103,133.6,8.1,2.0,14.5,Tim Ream
179,2020/21,83543,55,50,0,0,0,0,0,0,0,0,0,0,0,0,0,0,0.0,0.0,0.0,0.0,Anthony Knockaert
180,2021/22,89085,50,50,0,0,0,0,0,0,0,0,0,0,0,0,0,0,0.0,0.0,0.0,0.0,Nathaniel Chalobah
181,2020/21,92259,50,47,6,116,0,0,0,3,0,0,0,0,0,0,0,13,1.4,14.6,47.0,5.9,Neeskens Kebano
182,2020/21,96994,55,53,88,2367,5,3,9,32,0,0,0,7,0,0,6,343,384.8,254.1,503.0,114.1,Bobby De Cordova-Reid
183,2020/21,101105,50,45,27,663,1,1,0,17,0,0,0,2,0,0,2,132,143.2,100.4,85.0,32.8,Joe Bryan
184,2020/21,102884,45,43,0,0,0,0,0,0,0,0,0,0,0,0,0,0,0.0,0.0,0.0,0.0,Paulo Gazzaniga Farias
185,2020/21,109434,45,43,2,90,0,0,0,1,0,0,0,0,0,0,0,15,16.8,4.7,2.0,2.4,Terence Kongolo
186,2020/21,109646,45,45,100,2953,0,1,9,41,1,0,0,1,0,0,11,571,673.8,70.1,223.0,97.1,Tosin Adarabioyo
187,2020/21,128389,60,55,63,1389,3,3,1,24,0,0,1,3,0,0,7,178,245.6,323.8,697.0,124.9,Aleksandar Mitrović
188,2020/21,153366,45,44,69,2243,0,3,9,35,0,0,0,5,0,0,0,391,421.2,330.4,82.0,83.5,Harrison Reed
189,2020/21,153682,55,51,0,0,0,0,0,0,0,0,0,0,0,0,0,0,0.0,0.0,0.0,0.0,Harry Wilson
190,2020/21,155529,45,43,2,180,0,0,0,5,0,0,0,0,0,4,0,23,32.6,0.0,0.0,3.2,Marek Rodák
191,2020/21,166324,55,53,85,2465,3,0,7,43,0,0,1,2,0,0,4,261,347.0,647.2,530.0,152.5,Ivan Neves Abreu Cavaleiro
192,2020/21,167074,45,43,50,1477,0,1,5,27,0,0,0,3,0,0,3,288,330.8,312.4,98.0,74.2,Kenny Tete
193,2020/21,168765,50,46,13,369,0,0,0,12,0,0,0,1,0,0,0,46,33.6,28.7,47.0,10.7,Josh Onomah
194,2020/21,169528,45,44,57,2159,0,0,5,28,0,0,0,4,1,0,1,393,451.4,475.8,178.0,110.8,Antonee Robinson
195,2021/22,156689,50,50,0,0,0,0,0,0,0,0,0,0,0,0,0,0,0.0,0.0,0.0,0.0,Andreas Hoelgebaum Pereira
196,2020/21,432931,45,45,1,14,0,0,0,1,0,0,0,0,0,0,0,2,1.2,1.3,0.0,0.3,Tyrese Francois
197,2021/22,17745,50,50,131,3330,0,0,7,58,0,2,0,1,0,131,12,706,1076.6,11.2,0.0,109.1,Kasper Schmeichel
198,2021/22,37642,55,54,39,1346,1,1,2,23,0,0,0,3,0,0,0,257,355.6,57.6,75.0,48.8,Jonny Evans
199,2021/22,40146,50,46,4,337,0,0,0,7,0,0,0,1,0,0,0,32,48.0,14.8,8.0,7.2,Ryan Bertrand
200,2021/22,51938,55,52,40,1127,1,2,2,24,0,0,0,3,0,0,2,169,236.2,208.6,51.0,49.7,Marc Albrighton
201,2021/22,86881,45,43,24,1032,0,0,2,15,0,0,0,3,0,0,0,147,88.2,44.2,7.0,14.0,Nampalys Mendy
202,2021/22,93100,50,47,11,563,0,0,1,16,0,0,0,2,0,0,0,115,159.2,15.2,15.0,19.0,Jannik Vestergaard
203,2021/22,95463,40,40,3,90,0,0,0,1,0,0,0,0,0,4,0,17,32.4,0.0,0.0,3.2,Danny Ward
204,2021/22,101668,105,103,133,1801,15,3,4,27,1,0,0,2,0,0,24,480,599.8,229.5,775.0,159.6,Jamie Vardy
205,2021/22,111931,55,52,35,990,1,3,1,20,0,0,0,3,0,0,3,202,274.8,139.6,122.0,53.7,Ricardo Barbosa Pereira
206,2021/22,155569,40,40,55,2118,0,0,5,40,0,0,0,4,0,0,4,422,460.4,69.4,20.0,54.9,Daniel Amartey
207,2021/22,166477,55,53,75,2124,1,0,6,30,0,0,0,1,0,0,6,365,435.4,241.0,103.0,78.1,Timothy Castagne
208,2021/22,166989,65,64,120,2629,6,4,6,42,0,0,0,3,0,0,14,532,723.8,578.9,460.0,175.8,Youri Tielemans
209,2021/22,168580,60,57,35,438,2,3,1,15,0,0,0,0,1,0,2,101,172.4,139.7,180.0,48.7,Ayoze Pérez
210,2021/22,172780,70,69,181,2454,12,11,5,41,0,0,0,3,0,0,24,637,827.4,706.2,770.0,230.2,James Maddison
211,2021/22,173515,75,70,80,1253,4,6,1,25,0,0,0,1,0,0,10,246,292.0,242.7,390.0,92.2,Kelechi Iheanacho
212,2021/22,197469,45,44,8,284,0,0,1,4,0,0,0,1,0,0,0,41,43.0,2.8,6.0,5.3,Hamza Choudhury
213,2021/22,201666,70,65,137,2095,6,12,8,30,0,0,0,2,0,0,10,377,546.2,425.3,1000.0,196.8,Harvey Barnes
214,2021/22,203341,50,48,41,1617,0,1,5,26,0,0,0,4,0,0,0,240,322.0,66.0,179.0,57.0,Wilfred Ndidi
215,2021/22,215413,45,44,70,2101,1,2,8,27,0,0,0,4,0,0,4,337,377.6,505.6,221.0,110.6,Kiernan Dewsbury-Hall
216,2021/22,218031,50,49,66,2497,1,0,5,44,0,0,0,5,0,0,6,454,606.4,64.7,90.0,76.2,Çaglar Söyüncü
217,2021/22,220627,50,49,29,996,0,0,2,13,0,0,0,0,0,0,1,167,190.0,136.2,97.0,42.5,James Justin
218,2021/22,225902,50,48,36,1095,0,1,2,27,0,0,0,0,0,0,1,153,142.6,98.6,40.0,28.1,Boubakary Soumaré
219,2021/22,244619,45,43,50,1911,0,1,5,35,0,0,0,2,0,0,1,349,406.2,198.5,59.0,66.6,Luke Thomas
220,2021/22,245419,75,70,70,1152,5,3,3,20,0,0,0,2,0,0,8,216,287.8,166.2,460.0,90.9,Patson Daka
221,2021/22,444463,45,43,17,630,0,0,1,7,0,0,0,2,0,0,2,112,131.4,30.1,32.0,19.4,Wesley Fofana
222,2021/22,232620,45,45,1,23,0,0,0,1,0,0,0,0,0,0,0,2,2.0,1.5,2.0,0.6,Lewis Brunt
223,2021/22,55914,45,44,60,1814,0,2,5,26,0,0,0,5,0,0,5,352,413.4,53.4,65.0,53.4,Liam Cooper
224,2021/22,66588,45,43,55,2272,2,3,2,66,0,0,0,4,1,0,8,405,603.2,186.5,238.0,102.5,Luke Ayling
225,2021/22,72222,55,51,61,2071,1,2,1,52,0,0,0,5,0,0,4,277,340.4,434.6,484.0,125.6,Mateusz Klich
226,2021/22,80179,45,45,38,1526,0,1,2,41,0,0,0,5,0,0,0,204,217.2,195.3,119.0,53.3,Adam Forshaw
227,2021/22,80954,65,63,85,2263,6,2,5,37,0,0,0,9,0,0,11,351,430.2,558.3,602.0,159.0,Rodrigo Moreno
228,2021/22,87873,55,49,80,2920,1,1,5,66,0,0,0,5,0,0,6,473,615.8,509.6,288.0,141.8,Stuart Dallas
229,2021/22,106617,80,77,28,557,2,2,0,14,0,0,0,2,0,0,2,90,125.8,69.0,289.0,47.9,Patrick Bamford
230,2021/22,149915,45,45,77,2341,3,0,5,44,0,0,0,7,0,0,6,432,521.8,40.1,142.0,70.7,Diego Llorente
231,2021/22,173821,50,48,34,976,1,1,1,26,0,0,0,5,0,0,1,105,160.4,189.8,296.0,64.9,Tyler Roberts
232,2021/22,193645,45,43,23,1572,0,0,1,40,0,0,0,3,0,0,0,186,201.2,70.3,121.0,39.5,Robin Koch
233,2021/22,200617,60,60,91,2489,4,5,5,51,0,0,0,7,1,0,2,221,336.4,348.1,810.0,148.1,Daniel James
234,2021/22,219961,65,63,145,2916,11,4,5,68,0,0,0,7,0,0,14,457,770.8,928.6,915.0,261.6,Raphael Dias Belloli
235,2021/22,221399,60,55,117,2638,8,1,3,68,0,0,0,3,0,0,12,408,614.6,591.8,687.0,188.5,Jack Harrison
236,2021/22,221610,45,44,19,704,0,1,1,14,0,0,0,4,0,0,0,94,126.6,29.0,62.0,21.9,Jamie Shackleton
237,2021/22,222694,45,43,35,2050,1,1,1,53,0,0,0,6,1,0,0,339,481.0,134.8,191.0,80.8,Pascal Struijk
238,2021/22,223081,45,43,2,35,0,0,0,0,0,0,0,0,0,4,0,12,25.4,0.0,0.0,2.5,Kristoffer Klaesson
239,2021/22,248937,45,46,15,231,0,2,0,5,0,0,0,0,0,0,0,54,51.6,49.4,39.0,13.9,Sam Greenwood
240,2021/22,437495,50,48,106,3384,0,0,5,79,0,0,0,2,0,143,8,713,1090.6,0.0,0.0,108.9,Illan Meslier
241,2021/22,443967,50,47,22,1709,0,2,1,49,1,0,0,11,0,0,4,219,320.4,289.4,142.0,75.1,Junior Firpo Adames
242,2021/22,450070,45,45,6,126,0,0,0,1,0,0,0,0,0,0,0,20,18.6,32.0,36.0,8.6,Crysencio Summerville
243,2021/22,450529,45,45,3,145,0,0,0,4,0,0,0,0,0,0,0,4,5.4,2.8,1.0,0.8,Lewis Bate
244,2021/22,462635,45,47,43,733,2,4,1,25,0,0,0,4,0,0,3,129,148.0,117.0,412.0,67.2,Joe Gelhardt
245,2021/22,477547,40,40,2,148,0,0,0,5,0,0,0,0,0,0,0,29,45.6,12.8,2.0,6.1,Leo Fuhr Hjelde
246,2021/22,15157,50,49,38,844,0,1,4,6,0,0,0,2,0,0,1,196,233.2,332.8,78.0,64.5,James Milner
247,2021/22,56979,50,49,110,2592,2,5,15,22,0,0,0,3,0,0,9,507,487.4,659.5,247.0,139.2,Jordan Henderson
248,2021/22,60914,50,53,170,2790,3,3,17,21,0,0,0,2,0,0,20,763,711.4,195.3,509.0,141.7,Joel Matip
249,2021/22,61558,55,53,69,1527,1,4,11,7,0,0,0,2,0,0,3,338,420.0,426.2,283.0,113.3,Thiago Alcántara do Nascimento
250,2021/22,81880,60,58,42,777,2,1,3,7,0,0,0,0,0,0,2,148,162.8,170.0,208.0,54.0,Alex Oxlade-Chamberlain
251,2021/22,92217,90,87,62,980,5,4,5,9,0,0,0,3,0,0,5,270,337.2,248.4,497.0,108.3,Roberto Firmino
252,2021/22,97032,65,68,183,3060,3,3,21,21,0,0,0,3,0,0,13,803,726.4,150.3,455.0,133.1,Virgil van Dijk
253,2021/22,116535,60,61,176,3240,0,1,20,24,1,0,0,0,0,75,15,782,721.4,10.0,0.0,73.1,Alisson Ramses Becker
254,2021/22,116643,55,54,97,2311,5,1,15,18,0,0,0,7,0,0,7,438,501.8,282.2,310.0,109.4,Fabio Henrique Tavares
255,2021/22,118748,125,131,265,2758,23,14,17,22,0,0,1,1,0,0,29,756,1241.0,875.9,2230.0,434.8,Mohamed Salah
256,2021/22,122798,70,73,186,2537,3,11,17,20,0,0,0,5,1,0,23,770,708.2,900.7,372.0,198.3,Andrew Robertson
257,2021/22,169187,75,84,208,2853,2,12,18,22,0,0,0,2,0,0,32,864,865.2,1449.1,515.0,283.2,Trent Alexander-Arnold
258,2021/22,171287,50,47,22,330,0,1,2,3,0,0,0,2,0,0,2,92,76.6,64.0,13.0,15.4,Joseph Gomez
259,2021/22,175592,50,50,65,1169,3,2,8,6,0,0,0,3,0,0,4,262,302.0,243.8,258.0,80.5,Naby Keita
260,2021/22,194634,75,83,175,2357,15,7,14,19,0,0,0,3,0,0,8,483,736.8,538.2,1379.0,264.5,Diogo Teixeira da Silva
261,2021/22,200720,45,43,8,180,0,0,1,2,0,0,0,0,0,6,0,52,46.2,0.0,0.0,4.6,Caoimhin Kelleher
262,2021/22,204716,55,51,33,990,0,0,4,10,0,0,0,2,0,0,0,208,213.4,21.0,20.0,25.4,Ibrahima Konaté
263,2021/22,206915,50,50,40,849,1,1,4,9,0,0,0,0,0,0,3,177,156.4,179.7,171.0,50.8,Curtis Jones
264,2021/22,214285,40,37,42,874,0,2,4,6,0,0,0,3,0,0,2,202,214.4,401.1,141.0,75.8,Konstantinos Tsimikas
265,2021/22,244731,80,81,64,957,4,3,6,4,0,0,0,0,0,0,6,227,289.4,288.0,578.0,115.7,Luis Díaz
266,2021/22,444884,55,53,12,344,0,0,2,2,0,0,0,0,0,0,0,52,43.2,133.5,102.0,27.9,Harvey Elliott
267,2020/21,244858,45,45,12,254,1,0,0,6,0,0,0,0,0,0,0,42,72.4,30.8,161.0,26.5,Fábio Freitas Gouveia Carvalho
268,2021/22,60706,45,43,0,0,0,0,0,0,0,0,0,0,0,0,0,0,0.0,0.0,0.0,0.0,Adrián San Miguel del Castillo
269,2021/22,219937,45,44,0,0,0,0,0,0,0,0,0,0,0,0,0,0,0.0,0.0,0.0,0.0,Rhys Williams
270,2021/22,152898,40,40,0,0,0,0,0,0,0,0,0,0,0,0,0,0,0.0,0.0,0.0,0.0,Ben Davies
271,2021/22,197464,45,42,0,0,0,0,0,0,0,0,0,0,0,0,0,0,0.0,0.0,0.0,0.0,Nathaniel Phillips
272,2021/22,58621,55,54,85,1755,0,2,10,14,0,0,0,1,0,0,5,403,274.2,247.8,110.0,63.2,Kyle Walker
273,2021/22,59859,75,71,124,1851,8,5,14,10,0,0,0,1,0,0,10,488,549.2,613.8,798.0,196.3,Ilkay Gündogan
274,2021/22,61366,120,121,196,2196,15,8,13,22,0,0,0,2,0,0,33,732,1005.8,1222.0,880.0,311.0,Kevin De Bruyne
275,2021/22,97299,55,52,70,1117,1,0,9,6,0,0,0,0,0,0,4,290,219.8,79.7,145.0,44.4,John Stones
276,2021/22,103025,90,86,135,1485,11,7,7,14,0,0,1,0,0,0,12,477,616.8,631.6,842.0,208.7,Riyad Mahrez
277,2021/22,114283,80,75,86,1910,3,3,15,8,0,0,0,3,0,0,2,359,394.4,730.6,923.0,204.8,Jack Grealish
278,2021/22,121145,60,72,201,3227,1,11,19,25,0,0,0,7,0,0,27,829,796.0,786.9,851.0,243.6,João Cancelo
279,2021/22,121160,60,62,155,3330,0,0,20,26,0,0,0,3,0,60,4,701,561.2,0.0,0.0,56.1,Ederson Santana de Moraes
280,2021/22,126184,50,47,54,919,2,0,5,3,0,0,0,0,0,0,0,234,245.0,58.9,75.0,37.9,Nathan Aké
281,2021/22,146941,55,60,160,2830,4,2,18,24,0,0,0,5,1,0,8,714,660.0,201.0,348.0,120.7,Aymeric Laporte
282,2021/22,164484,45,44,7,90,0,0,1,0,0,0,0,0,0,2,1,29,23.0,0.0,0.0,2.3,Zack Steffen
283,2021/22,165809,70,70,155,2856,8,8,16,23,0,0,0,6,0,0,15,663,739.4,876.1,958.0,257.9,Bernardo Veiga de Carvalho e Silva
284,2021/22,171314,60,62,141,2401,2,5,14,18,0,0,0,5,0,0,12,622,581.2,225.2,268.0,107.6,Rúben Gato Alves Dias
285,2021/22,209244,80,79,137,2125,9,6,13,16,0,0,0,1,0,0,11,483,580.8,716.4,954.0,225.5,Phil Foden
286,2021/22,220566,55,55,127,2884,7,2,17,22,0,0,0,5,0,0,9,618,758.2,541.4,444.0,174.8,Rodrigo Hernandez
287,2021/22,244851,45,45,9,121,0,1,1,0,0,0,0,0,0,0,0,29,11.0,30.8,60.0,10.2,Cole Palmer
288,2021/22,432714,45,44,2,18,0,0,0,0,0,0,0,0,0,0,0,3,0.0,0.2,0.0,0.0,James McAtee
289,2021/22,439510,40,39,0,0,0,0,0,0,0,0,0,0,0,0,0,0,0.0,0.0,0.0,0.0,Luke Mbete-Tabu
290,2021/22,447880,40,39,0,0,0,0,0,0,0,0,0,0,0,0,0,0,0.0,0.0,0.0,0.0,Josh Wilson-Esbrand
291,2021/22,463034,45,45,1,8,0,0,0,0,0,0,0,0,0,0,0,2,0.0,0.0,2.0,0.1,Liam Delap
292,2021/22,155405,50,47,39,1594,0,1,3,25,0,0,0,4,0,0,1,209,270.8,151.0,99.0,52.4,Kalvin Phillips
293,2021/22,17601,40,39,0,0,0,0,0,0,0,0,0,0,0,0,0,0,0.0,0.0,0.0,0.0,Scott Carson
294,2021/22,14937,125,122,159,2454,18,3,8,41,0,0,0,8,0,0,29,608,800.4,421.9,1535.0,274.6,Cristiano Ronaldo dos Santos Aveiro
295,2021/22,51940,50,50,132,3420,0,0,8,57,0,2,0,0,0,127,7,667,965.8,0.3,0.0,96.1,David De Gea Quintana
296,2021/22,76359,45,45,4,161,0,0,0,3,0,0,0,0,0,0,0,41,53.0,1.6,0.0,5.5,Phil Jones
297,2021/22,90152,55,55,75,1829,1,1,5,22,0,0,0,0,0,0,9,378,402.4,60.0,119.0,58.5,Raphaël Varane
298,2021/22,95658,55,54,69,2513,1,0,7,43,1,0,0,7,1,0,4,451,571.0,77.2,316.0,96.5,Harry Maguire
299,2021/22,101582,50,49,93,2026,4,5,7,31,1,0,0,5,0,0,8,426,587.4,409.1,201.0,119.8,Frederico Rodrigues de Paula Santos
300,2021/22,106760,55,50,46,1600,0,3,3,24,0,0,0,8,0,0,3,276,292.0,586.1,54.0,93.3,Luke Shaw
301,2021/22,141746,120,116,151,3110,10,7,8,54,0,0,2,10,0,0,15,626,906.6,1291.9,910.0,311.2,Bruno Borges Fernandes
302,2021/22,152590,50,49,67,1658,0,4,5,26,0,0,0,1,0,0,6,345,399.6,455.6,103.0,95.9,Alex Telles
303,2021/22,176297,95,94,63,1224,4,2,2,28,0,0,0,2,0,0,0,171,233.8,155.4,406.0,79.4,Marcus Rashford
304,2021/22,180184,60,57,31,550,2,0,2,14,0,0,0,1,0,0,1,119,156.8,77.6,118.0,35.3,Donny van de Beek
305,2021/22,184667,50,48,66,2353,0,2,6,47,0,0,0,4,0,0,4,471,449.0,76.3,66.0,59.3,Victor Lindelöf
306,2021/22,195851,55,54,68,2386,1,2,8,37,0,0,0,9,0,0,2,346,478.4,325.1,297.0,110.1,Scott McTominay
307,2021/22,197365,50,49,2,216,0,0,0,4,1,0,0,1,0,0,0,22,36.0,1.0,0.0,3.7,Eric Bailly
308,2021/22,209243,95,89,91,1894,3,4,6,28,0,0,0,0,0,0,9,362,363.2,596.7,549.0,150.9,Jadon Sancho
309,2021/22,214590,55,51,41,1793,0,0,3,35,0,0,0,2,0,0,3,329,371.8,237.0,123.0,73.3,Aaron Wan-Bissaka
310,2021/22,216051,45,42,54,1797,0,0,5,29,0,0,0,4,0,0,5,382,411.0,286.1,126.0,82.2,Diogo Dalot Teixeira
311,2021/22,232937,40,39,36,2119,0,1,2,52,0,0,0,8,0,0,4,346,371.0,289.3,80.0,74.5,Brandon Williams
312,2021/22,449434,50,48,59,1208,2,3,4,17,0,0,0,0,0,0,2,193,206.2,172.1,303.0,68.2,Anthony Elanga
313,2021/22,148225,80,76,14,207,1,0,0,3,0,0,0,0,0,0,2,40,40.4,17.5,91.0,14.6,Anthony Martial
314,2020/21,488404,55,52,0,0,0,0,0,0,0,0,0,0,0,0,0,0,0.0,0.0,0.0,0.0,Facundo Pellistri Rebollo
315,2021/22,21205,40,39,0,0,0,0,0,0,0,0,0,0,0,0,0,0,0.0,0.0,0.0,0.0,Tom Heaton
316,2021/22,80607,55,56,43,938,1,4,4,10,0,0,0,1,0,0,2,221,285.6,482.4,192.0,95.8,Christian Eriksen
317,2021/22,50232,55,53,63,1981,2,1,6,30,0,0,0,5,1,0,6,292,320.8,246.7,156.0,72.6,Jonjo Shelvey
318,2021/22,56983,50,49,20,1333,0,2,0,37,0,0,0,5,0,0,0,207,226.0,420.4,92.0,74.0,Matt Ritchie
319,2021/22,57145,45,43,11,521,0,1,0,12,0,0,0,0,0,0,0,91,129.4,13.8,69.0,21.2,Federico Fernández
320,2021/22,58845,45,44,14,1012,0,1,0,27,0,0,0,2,1,0,1,131,189.2,49.9,95.0,33.1,Ciaran Clark
321,2021/22,59735,45,45,20,720,0,0,0,15,0,0,0,1,0,24,3,110,157.0,0.0,0.0,15.8,Karl Darlow
322,2021/22,60689,70,63,91,2694,5,0,6,41,0,0,0,1,0,0,8,228,274.8,265.4,784.0,130.5,Chris Wood
323,2021/22,67089,45,44,96,2340,0,0,8,35,0,0,0,1,0,73,9,465,590.8,20.0,0.0,61.1,Martin Dubravka
324,2021/22,75115,75,71,75,1386,8,0,3,32,0,0,0,4,0,0,14,220,319.8,127.3,494.0,92.4,Callum Wilson
325,2021/22,77794,50,49,28,429,2,0,1,5,0,0,0,0,0,0,3,101,164.8,128.3,14.0,30.8,Kieran Trippier
326,2021/22,78916,45,44,92,2461,1,1,9,30,0,0,0,8,0,0,6,454,594.0,83.8,264.0,94.0,Dan Burn
327,2021/22,90105,55,51,78,1459,2,5,5,23,0,0,0,3,0,0,8,263,250.2,428.1,324.0,99.2,Ryan Fraser
328,2021/22,101148,45,44,47,2055,1,1,3,44,2,0,0,5,0,0,2,284,418.4,46.4,280.0,74.2,Jamaal Lascelles
329,2021/22,104547,55,52,7,34,0,0,0,0,0,0,0,1,0,0,0,22,4.2,24.2,13.0,4.1,Dwight Gayle
330,2021/22,106618,45,45,7,197,0,0,1,1,0,0,0,2,0,0,0,28,24.2,1.9,0.0,2.6,Paul Dummett
331,2021/22,109528,40,39,38,1258,1,3,1,27,0,0,0,5,0,0,0,206,244.2,65.4,64.0,37.7,Javier Manquillo Gaitán
332,2021/22,111773,45,43,58,1636,0,1,6,20,0,0,0,5,0,0,3,262,270.4,102.7,54.0,42.9,Emil Krafth
333,2021/22,114243,50,46,62,1457,1,4,2,35,0,0,0,4,0,0,0,215,267.8,282.0,281.0,82.8,Jacob Murphy
334,2021/22,119471,45,41,88,2158,2,2,6,32,0,0,0,4,0,0,10,383,465.2,115.9,234.0,81.7,Fabian Schär
335,2021/22,169359,50,47,101,2871,1,2,9,47,1,0,0,3,0,0,7,530,587.4,635.1,184.0,140.7,Matt Targett
336,2021/22,170137,65,67,116,2804,5,7,9,54,0,0,0,6,0,0,15,394,575.8,671.5,862.0,211.3,Allan Saint-Maximin
337,2021/22,179018,55,50,59,1706,1,0,6,32,0,0,0,2,0,0,0,228,227.2,240.9,347.0,81.8,Miguel Almirón Rejala
338,2021/22,180135,45,43,48,1458,1,1,2,29,0,0,0,1,0,0,1,206,246.0,116.6,93.0,45.7,Sean Longstaff
339,2021/22,180974,60,59,83,2554,4,2,7,46,0,0,0,8,0,0,7,323,529.6,386.6,583.0,149.5,Joelinton Cássio Apolinário de Lira
340,2021/22,194799,45,42,10,261,0,0,1,4,0,0,0,1,0,0,0,39,39.4,13.8,2.0,5.6,Jamal Lewis
341,2021/22,200089,60,53,79,2037,2,3,6,37,0,0,0,0,0,0,3,248,320.4,243.2,449.0,101.3,Joe Willock
342,2021/22,208706,50,50,67,1031,5,1,4,13,0,0,0,4,0,0,11,245,407.6,190.9,323.0,92.3,Bruno Guimarães Rodriguez Moura
343,2021/22,83314,50,48,8,69,1,0,0,3,0,0,0,0,0,0,0,25,38.8,12.1,9.0,6.0,Jeff Hendrick
344,2021/22,98747,55,53,130,3240,0,0,9,47,0,0,0,1,0,120,12,683,902.8,20.0,0.0,92.4,Nick Pope
345,2021/22,215136,40,38,4,7,0,1,0,0,0,0,0,0,0,0,0,17,18.2,11.1,2.0,3.1,Neco Williams
346,2018/19,48615,50,49,48,1999,0,1,7,39,0,0,0,10,0,0,0,225,230.6,188.8,170.0,58.9,Harry Arter
347,2019/20,56917,50,50,52,2427,1,0,3,48,0,0,0,6,1,0,5,362,557.2,51.5,159.0,77.2,Steve Cook
348,2019/20,58771,45,43,0,0,0,0,0,0,0,0,0,0,0,0,0,0,0.0,0.0,0.0,0.0,Jack Colback
349,2017/18,168172,45,43,11,217,1,0,0,5,0,0,0,1,0,0,0,28,50.6,20.0,47.0,11.8,Joe Lolley
350,2019/20,209925,45,43,0,0,0,0,0,0,0,0,0,0,0,0,0,0,0.0,0.0,0.0,0.0,Xande Nascimento da Costa Silva
351,2019/20,217331,45,43,4,25,0,0,0,2,0,0,0,0,0,0,0,3,3.4,10.6,24.0,3.4,Sam Surridge
352,2021/22,172649,50,47,0,0,0,0,0,0,0,0,0,0,0,0,0,0,0.0,0.0,0.0,0.0,Dean Henderson
353,2021/22,20066,45,45,4,180,0,0,0,6,0,0,0,0,0,8,0,37,62.8,30.0,0.0,9.3,Wayne Hennessey
354,2021/22,109322,70,67,29,354,2,0,0,13,0,0,0,1,0,0,1,105,115.8,109.5,102.0,32.7,Jesse Lingard
355,2021/22,514356,45,44,0,0,0,0,0,0,0,0,0,0,0,0,0,0,0.0,0.0,0.0,0.0,Roméo Lavia
356,2021/22,20467,60,58,12,376,0,0,0,8,0,0,0,0,0,0,0,28,13.6,19.2,70.0,9.7,Theo Walcott
357,2021/22,58376,45,43,55,1530,0,0,5,27,0,0,0,1,0,44,3,286,334.4,10.0,0.0,34.5,Alex McCarthy
358,2021/22,78056,45,45,88,2890,2,2,7,52,0,0,0,9,0,0,6,487,540.6,525.2,247.0,131.5,Oriol Romeu Vidal
359,2021/22,83283,60,59,79,1827,1,6,4,33,0,0,0,0,0,0,6,313,333.6,516.0,310.0,116.0,Nathan Redmond
360,2021/22,88900,45,44,12,810,0,0,1,19,0,0,0,3,0,0,0,135,192.8,48.2,6.0,24.8,Jack Stephens
361,2021/22,91047,60,58,57,1465,2,1,3,30,0,0,0,1,0,0,3,239,266.2,384.0,377.0,102.7,Stuart Armstrong
362,2021/22,96787,55,54,90,2039,4,3,8,35,0,0,0,4,0,0,6,243,393.4,373.0,719.0,148.4,Mohamed Elyounoussi
363,2021/22,101178,65,64,159,3215,10,5,7,65,0,0,0,3,1,0,21,769,970.0,1170.6,413.0,255.5,James Ward-Prowse
364,2021/22,155511,60,57,57,1409,2,3,4,31,0,0,0,1,0,0,3,150,179.2,180.2,575.0,92.7,Adam Armstrong
365,2021/22,158534,50,48,82,2630,1,3,6,49,0,0,0,5,0,0,7,481,481.8,376.9,425.0,128.0,Kyle Walker-Peters
366,2021/22,171771,45,44,94,2629,4,0,7,52,1,0,0,10,0,0,15,499,699.6,88.1,321.0,111.2,Jan Bednarek
367,2021/22,200439,70,65,103,2034,7,4,5,40,0,0,0,0,0,0,11,333,425.8,337.7,804.0,156.8,Che Adams
368,2021/22,203389,50,47,29,802,0,2,1,18,0,0,0,2,0,0,0,81,79.4,102.2,138.0,31.7,Nathan Tella
369,2021/22,212721,45,44,19,906,0,0,1,20,0,0,0,2,0,0,1,155,202.8,35.6,58.0,29.6,Lyanco Silveira Neves Vojnovic
370,2021/22,213482,40,39,9,369,0,0,1,7,0,0,0,0,0,0,0,62,70.8,20.4,2.0,9.3,Yan Valery
371,2021/22,214466,45,45,5,132,0,0,0,5,0,0,0,0,0,0,0,25,7.2,15.7,8.0,3.1,Will Smallbone
372,2021/22,240143,45,45,44,1016,0,3,1,21,0,0,0,1,0,0,3,187,177.6,209.6,79.0,46.6,Ibrahima Diallo
373,2021/22,244560,50,48,38,1621,0,1,3,33,0,0,0,3,0,0,1,189,195.2,152.7,178.0,52.4,Romain Perraud
374,2021/22,431131,55,52,13,452,0,0,1,10,0,0,0,3,0,0,0,21,45.2,88.2,130.0,26.1,Moussa Djenepo
375,2021/22,441191,40,42,80,2200,1,2,7,42,0,0,0,2,0,0,7,440,437.2,327.4,221.0,98.8,Tino Livramento
376,2021/22,450527,45,45,58,2971,0,0,6,58,1,0,0,8,1,0,4,478,730.2,139.6,330.0,119.7,Mohammed Salisu
377,2021/22,20310,45,42,2,180,0,0,0,5,0,0,0,1,0,6,0,23,53.2,0.0,0.0,5.4,Willy Caballero
378,2021/22,37915,55,55,158,3420,0,0,16,40,0,0,0,2,0,97,11,703,746.2,23.0,0.0,76.9,Hugo Lloris
379,2021/22,40383,45,44,57,1710,0,0,3,35,0,0,0,1,0,68,6,330,559.8,0.0,0.0,56.2,Fraser Forster
380,2021/22,78830,125,125,192,3231,17,11,14,40,0,0,0,5,0,0,23,684,1036.4,674.0,1798.0,350.4,Harry Kane
381,2021/22,85971,100,112,258,3009,23,10,18,30,0,0,0,2,0,0,27,819,1201.8,1051.5,1296.0,355.4,Son Heung-min
382,2021/22,87835,50,45,67,871,2,5,3,11,0,0,0,0,0,0,8,255,279.6,224.4,291.0,79.6,Matt Doherty
383,2021/22,93264,45,47,132,3071,0,1,16,30,1,0,0,1,0,0,7,680,727.4,117.1,195.0,104.0,Eric Dier
384,2021/22,95715,65,59,87,1763,2,6,8,21,0,0,0,4,0,0,4,324,390.8,490.0,431.0,131.1,Lucas Rodrigues Moura da Silva
385,2021/22,115556,45,45,105,2537,1,2,12,30,0,0,0,6,0,0,3,490,501.4,203.5,254.0,96.2,Ben Davies
386,2021/22,132015,50,48,109,3196,2,3,16,34,0,0,0,3,0,0,6,616,716.0,439.2,323.0,147.9,Pierre-Emile Højbjerg
387,2021/22,157668,45,44,33,904,0,2,1,15,0,0,0,2,0,0,1,175,168.6,198.6,20.0,38.8,Harry Winks
388,2021/22,173904,45,42,93,1626,2,1,10,16,0,0,0,4,0,0,8,417,421.4,94.3,186.0,70.2,Davinson Sánchez
389,2021/22,184349,45,44,56,1046,0,3,6,11,0,0,0,2,0,0,3,231,171.0,204.9,137.0,51.3,Ryan Sessegnon
390,2021/22,194252,60,59,55,548,3,2,3,6,0,0,0,1,0,0,3,138,164.8,111.6,275.0,55.1,Steven Bergwijn
391,2021/22,199249,50,50,104,1914,2,4,9,25,0,0,0,4,0,0,9,438,468.8,459.9,362.0,129.3,Sergio Reguilón
392,2021/22,199584,45,42,29,735,0,0,5,11,0,0,0,2,1,0,0,133,118.0,48.1,108.0,27.5,Japhet Tanganga
393,2021/22,202993,50,49,52,1360,0,4,9,12,0,0,0,5,0,0,4,266,322.8,244.8,122.0,68.9,Rodrigo Bentancur
394,2021/22,209042,45,44,34,1346,0,0,8,13,0,0,0,6,0,0,0,180,183.8,151.5,39.0,37.4,Oliver Skipp
395,2021/22,214225,45,42,3,87,0,0,0,3,0,0,0,0,0,0,0,17,19.6,0.7,0.0,2.0,Joe Rodon
396,2021/22,221632,50,48,63,1844,1,0,5,25,0,0,0,8,0,0,10,385,498.8,98.9,102.0,69.9,Cristian Romero
397,2021/22,227127,45,44,66,2110,1,2,7,28,0,0,0,10,0,0,9,351,429.2,169.3,126.0,72.4,Yves Bissouma
398,2021/22,241157,50,46,102,2282,1,1,10,26,0,0,0,5,0,0,8,489,463.0,448.9,298.0,121.1,Emerson Leite de Souza Junior
399,2021/22,445044,60,63,99,1259,5,9,9,11,0,0,0,3,0,0,8,343,425.2,368.7,442.0,123.3,Dejan Kulusevski
400,2021/22,490145,45,45,1,3,0,0,0,0,0,0,0,0,0,0,0,4,1.0,0.0,0.0,0.1,Dane Scarlett
401,2021/22,448791,45,44,0,0,0,0,0,0,0,0,0,0,0,0,0,0,0.0,0.0,0.0,0.0,Harvey White
402,2021/22,214572,40,40,0,0,0,0,0,0,0,0,0,0,0,0,0,0,0.0,0.0,0.0,0.0,Brandon Austin
403,2021/22,496179,45,45,0,0,0,0,0,0,0,0,0,0,0,0,0,0,0.0,0.0,0.0,0.0,Alfie Devine
404,2019/20,447235,45,43,2,6,0,0,0,0,0,0,0,0,0,0,0,6,0.2,0.1,0.0,0.0,Troy Parrott
405,2021/22,212319,75,76,125,2522,10,6,7,46,0,0,0,9,0,0,19,413,651.4,383.7,1010.0,203.9,Richarlison de Andrade
406,2021/22,37096,50,50,136,3330,0,0,8,50,0,3,0,2,0,114,9,661,918.6,0.0,0.0,91.8,Lukasz Fabianski
407,2021/22,40669,50,49,40,921,1,0,3,11,0,0,0,1,0,0,6,182,167.0,5.3,67.0,24.0,Angelo Ogbonna
408,2021/22,55459,55,54,115,2726,2,4,7,38,0,0,0,3,0,0,17,578,589.2,545.7,187.0,132.4,Aaron Cresswell
409,2021/22,57531,75,73,140,2975,10,10,7,43,0,0,1,6,1,0,14,441,649.2,615.6,1274.0,252.7,Michail Antonio
410,2021/22,60232,50,49,90,2752,2,3,6,43,0,0,0,4,1,0,1,466,712.0,62.4,389.0,116.6,Craig Dawson
411,2021/22,86934,60,56,92,1777,5,3,4,29,0,0,0,2,0,0,8,440,425.4,373.5,201.0,100.3,Manuel Lanzini
412,2021/22,103192,55,54,66,2078,1,0,5,29,1,0,0,1,0,0,5,388,506.0,33.3,131.0,67.2,Kurt Zouma
413,2021/22,105717,45,44,29,645,1,1,1,12,0,0,0,1,0,0,3,145,178.2,57.2,39.0,27.5,Arthur Masuaku
414,2021/22,164555,50,47,70,2207,0,4,6,36,1,0,0,3,1,0,3,384,433.2,359.9,167.0,95.8,Vladimir Coufal
415,2021/22,172841,60,59,138,2162,8,6,9,27,0,0,0,0,0,0,15,441,561.0,476.4,737.0,177.6,Saïd Benrahma
416,2021/22,178186,65,69,206,2987,12,17,8,46,0,0,0,6,0,0,24,586,822.2,627.2,1223.0,267.4,Jarrod Bowen
417,2021/22,180151,60,56,30,549,1,0,1,10,0,0,0,0,0,0,0,98,85.4,122.8,115.0,32.3,Nikola Vlasic
418,2021/22,204480,50,50,95,3178,1,4,8,49,0,0,0,8,0,0,7,595,773.4,401.8,288.0,146.8,Declan Rice
419,2021/22,215439,60,57,114,3061,5,1,6,46,0,0,0,3,0,0,14,485,662.0,300.1,690.0,165.6,Tomas Soucek
420,2021/22,217593,60,59,117,2795,6,4,8,38,0,0,0,4,0,0,5,480,574.8,719.5,532.0,182.7,Pablo Fornals Malla
421,2021/22,219924,45,42,30,961,0,1,2,19,0,0,0,0,0,0,2,203,225.6,21.3,44.0,29.1,Issa Diop
422,2021/22,222018,40,39,48,1397,1,0,3,18,0,0,0,1,0,0,1,235,307.2,176.4,39.0,52.3,Ben Johnson
423,2021/22,84182,50,47,2,90,0,0,0,1,0,0,0,0,0,2,0,11,20.4,0.0,0.0,2.0,Alphonse Areola
424,2021/22,90585,50,49,17,900,0,0,1,20,0,0,0,1,0,0,0,165,195.4,18.1,29.0,24.3,Willy Boly
425,2021/22,94147,45,47,138,3361,4,0,11,43,0,0,0,4,0,0,10,688,781.0,45.4,202.0,103.2,Conor Coady
426,2021/22,102057,75,75,101,2630,6,5,11,32,0,0,0,5,2,0,11,266,470.8,506.7,746.0,171.2,Raúl Jiménez
427,2021/22,114128,45,45,38,1022,2,0,2,22,0,0,0,1,0,0,2,178,229.8,174.2,144.0,54.9,Jonathan Castro Otto
428,2021/22,149065,50,52,146,3285,0,1,11,40,1,0,0,3,0,121,11,722,947.0,30.0,0.0,97.5,José Malheiro de Sá
429,2021/22,151589,50,46,76,1945,2,3,5,29,0,0,0,4,0,0,5,308,348.6,180.0,279.0,80.9,Leander Dendoncker
430,2021/22,171317,55,52,95,2659,4,2,9,34,0,0,0,9,0,0,7,509,629.6,436.7,237.0,130.4,Rúben da Silva Neves
431,2021/22,184754,55,54,81,1811,5,1,7,22,0,0,0,2,0,0,11,288,322.2,268.3,481.0,106.7,Hwang Hee-chan
432,2021/22,200402,50,48,94,2131,0,1,9,18,0,0,0,1,0,0,9,412,346.2,289.3,266.0,90.3,Nélson Cabral Semedo
433,2021/22,200600,55,55,70,1475,2,3,9,12,0,0,0,2,0,0,2,257,328.6,493.0,459.0,128.2,Daniel Castelo Podence
434,2021/22,214048,45,45,106,2688,1,1,10,25,0,0,0,3,0,0,5,536,587.8,68.8,207.0,86.5,Max Kilman
435,2021/22,245923,45,44,7,179,0,0,1,1,0,0,0,0,0,0,0,32,17.0,32.0,2.0,5.1,Luke Cundle
436,2021/22,247632,65,62,22,459,1,1,0,14,0,0,0,3,0,0,0,88,103.4,205.1,219.0,52.6,Pedro Lomba Neto
437,2021/22,448514,45,41,87,1826,1,4,7,26,0,0,0,4,0,0,10,367,390.8,323.2,174.0,89.1,Rayan Aït-Nouri
438,2021/22,449988,60,56,30,562,0,1,0,7,0,0,0,0,0,0,0,43,21.0,48.3,262.0,32.0,Fabio Silva
439,2021/22,510362,45,44,6,360,0,0,0,6,0,0,0,1,0,0,0,52,87.0,4.5,28.0,12.0,Toti António Gomes
440,2021/22,510363,55,55,20,203,0,3,0,5,0,0,0,0,0,0,2,67,99.4,83.4,118.0,30.1,Francisco Jorge Tomás Oliveira
441,2021/22,159533,60,56,44,1069,1,1,5,10,0,0,0,0,0,0,0,168,192.0,271.1,300.0,76.6,Adama Traoré Diarra
442,2020/21,216208,45,44,0,0,0,0,0,0,0,0,0,0,0,0,0,0,0.0,0.0,0.0,0.0,Matija Šarkić
443,2021/22,222531,45,45,1,7,0,0,0,0,0,0,0,1,0,0,0,0,0.0,0.7,24.0,2.1,Morgan Gibbs-White
444,2021/22,501837,45,44,0,0,0,0,0,0,0,0,0,0,0,0,0,0,0.0,0.0,0.0,0.0,Yerson Mosquera Valdelamar
445,2021/22,19624,50,49,96,2970,2,1,11,40,0,0,0,4,0,0,8,511,527.8,660.9,144.0,133.2,João Filipe Iria Santos Moutinho
446,2021/22,432830,45,43,55,1670,2,0,5,26,0,0,0,2,1,0,1,272,436.0,78.2,254.0,77.0,Nathan Collins
